AAPL,NVDA,MSFT
54.34000015258789,5.884500026702881,107.5999984741211
55.537498474121094,6.145750045776367,111.0
55.29750061035156,6.076499938964844,110.70999908447266
54.005001068115234,5.988249778747559,108.5
54.82749938964844,5.729249954223633,108.66000366210938
55.162498474121094,5.7804999351501465,109.62999725341797
55.682498931884766,5.526500225067139,108.0999984741211
53.772499084472656,4.985249996185303,102.31999969482422
54.95000076293945,5.196000099182129,108.30000305175781
54.07500076293945,4.957250118255615,106.95999908447266
53.060001373291016,4.640500068664551,103.8499984741211
53.32500076293945,5.074999809265137,103.7300033569336
54.71500015258789,5.270750045776367,106.80999755859375
55.55500030517578,5.452750205993652,105.91999816894531
51.869998931884766,5.373000144958496,106.16000366210938
50.397499084472656,5.294250011444092,107.51000213623047
50.942501068115234,5.276500225067139,107.72000122070312
52.48749923706055,5.344749927520752,111.95999908447266
52.122501373291016,5.149750232696533,111.75
51.11750030517578,5.141749858856201,109.56999969482422
48.54249954223633,4.738500118255615,106.87000274658203
48.057498931884766,4.982749938964844,106.94000244140625
46.70000076293945,4.929749965667725,104.97000122070312
47.852500915527344,5.059750080108643,107.27999877929688
48.38249969482422,4.110750198364258,108.29000091552734
46.46500015258789,3.617500066757202,104.62000274658203
44.244998931884766,3.7269999980926514,101.70999908447266
44.19499969482422,3.6177499294281006,103.11000061035156
43.0724983215332,3.625,103.06999969482422
43.654998779296875,3.8262500762939453,106.47000122070312
43.560001373291016,3.843250036239624,107.13999938964844
45.23500061035156,4.0017499923706055,111.12000274658203
44.88750076293945,3.934000015258789,110.19000244140625
44.64500045776367,4.085750102996826,110.88999938964844
46.20500183105469,4.250999927520752,112.08999633789062
44.17250061035156,3.9277501106262207,108.5199966430664
43.68000030517578,3.9572501182556152,109.19000244140625
42.122501373291016,3.6902499198913574,104.81999969482422
42.400001525878906,3.7964999675750732,107.58999633789062
42.157501220703125,3.7047500610351562,108.58999633789062
42.275001525878906,3.7225000858306885,109.08000183105469
42.73749923706055,3.722249984741211,109.44999694824219
41.369998931884766,3.661250114440918,106.02999877929688
40.98500061035156,3.5894999504089355,102.88999938964844
41.51750183105469,3.6735000610351562,103.97000122070312
40.22249984741211,3.46274995803833,103.69000244140625
39.20750045776367,3.377500057220459,101.51000213623047
37.682498931884766,3.2392499446868896,98.2300033569336
36.70750045776367,3.177000045776367,94.12999725341797
39.29249954223633,3.327500104904175,100.55999755859375
39.037498474121094,3.279249906539917,101.18000030517578
39.057498931884766,3.341249942779541,100.38999938964844
39.435001373291016,3.3375000953674316,101.56999969482422
39.47999954223633,3.4054999351501465,101.12000274658203
35.54750061035156,3.1997499465942383,97.4000015258789
37.064998626708984,3.404750108718872,101.93000030517578
36.98249816894531,3.5850000381469727,102.05999755859375
37.6875,3.4957499504089355,102.80000305175781
38.32749938964844,3.564500093460083,104.2699966430664
38.45000076293945,3.6307499408721924,103.5999984741211
38.0724983215332,3.720750093460083,102.80000305175781
37.5,3.760999917984009,102.05000305175781
38.26750183105469,3.7467501163482666,105.01000213623047
38.73500061035156,3.7209999561309814,105.37999725341797
38.96500015258789,3.7929999828338623,106.12000274658203
39.20500183105469,3.9232499599456787,107.70999908447266
38.32500076293945,3.719249963760376,105.68000030517578
38.47999954223633,3.7322499752044678,106.70999908447266
38.17499923706055,3.946000099182129,106.19999694824219
39.439998626708984,4.003749847412109,107.16999816894531
39.07500076293945,3.4502499103546143,105.08000183105469
38.66999816894531,3.2899999618530273,102.94000244140625
41.3125,3.4347500801086426,106.37999725341797
41.61000061035156,3.59375,104.43000030517578
41.630001068115234,3.6182498931884766,102.77999877929688
42.8125,3.7295000553131104,105.73999786376953
43.54499816894531,3.7487499713897705,107.22000122070312
43.560001373291016,3.825000047683716,106.02999877929688
42.73500061035156,3.685499906539917,105.2699966430664
42.602500915527344,3.7042500972747803,105.66999816894531
42.35749816894531,3.661250114440918,105.25
42.72249984741211,3.779249906539917,106.88999938964844
42.54499816894531,3.822000026702881,106.80999755859375
42.70000076293945,3.8632500171661377,106.9000015258789
42.60499954223633,3.933500051498413,108.22000122070312
42.73249816894531,3.9159998893737793,108.16999816894531
43.00749969482422,3.963749885559082,107.1500015258789
42.76499938964844,3.89424991607666,109.41000366210938
43.24250030517578,3.979749917984009,110.97000122070312
43.557498931884766,3.967250108718872,111.58999633789062
43.58250045776367,3.927500009536743,112.36000061035156
43.717498779296875,3.8852500915527344,112.16999816894531
43.287498474121094,3.8564999103546143,112.02999877929688
43.74250030517578,3.911250114440918,112.52999877929688
43.962501525878906,3.9195001125335693,112.26000213623047
43.88249969482422,3.9130001068115234,111.69999694824219
43.630001068115234,3.8012499809265137,111.75
43.125,3.7314999103546143,110.38999938964844
43.227500915527344,3.7660000324249268,110.51000213623047
44.724998474121094,4.028500080108643,112.83000183105469
45.227500915527344,4.063000202178955,113.62000274658203
45.4275016784668,4.2154998779296875,114.5
45.932498931884766,4.138999938964844,114.58999633789062
46.529998779296875,4.245250225067139,115.91000366210938
47.005001068115234,4.223750114440918,117.56999969482422
46.63249969482422,4.392749786376953,117.6500015258789
47.040000915527344,4.360000133514404,117.5199966430664
48.772499084472656,4.598499774932861,120.22000122070312
47.76250076293945,4.4375,117.05000305175781
47.185001373291016,4.3445000648498535,117.66000366210938
46.6974983215332,4.421750068664551,117.91000366210938
47.11750030517578,4.412499904632568,116.7699966430664
47.18000030517578,4.431250095367432,116.93000030517578
47.48749923706055,4.488999843597412,117.94000244140625
47.810001373291016,4.557000160217285,119.0199966430664
48.505001068115234,4.574999809265137,119.19000244140625
48.837501525878906,4.7154998779296875,119.97000122070312
48.92250061035156,4.706500053405762,119.36000061035156
49.25,4.773749828338623,119.88999938964844
50.025001525878906,4.794750213623047,119.93000030517578
49.875,4.731500148773193,119.27999877929688
50.154998779296875,4.802499771118164,120.19000244140625
49.73749923706055,4.78849983215332,120.33000183105469
49.717498779296875,4.750249862670898,120.94999694824219
49.807498931884766,4.617499828338623,121.05000305175781
49.8125,4.705249786376953,120.7699966430664
50.782501220703125,4.682250022888184,121.7699966430664
50.96500015258789,4.65749979019165,123.37000274658203
51.13249969482422,4.711750030517578,123.76000213623047
51.869998931884766,4.766749858856201,125.44000244140625
51.790000915527344,4.779250144958496,125.01000213623047
51.31999969482422,4.672749996185303,129.14999389648438
51.07500076293945,4.452250003814697,129.88999938964844
51.15250015258789,4.483250141143799,129.77000427246094
50.16749954223633,4.525000095367432,130.60000610351562
52.630001068115234,4.511750221252441,127.87999725341797
52.287498474121094,4.579750061035156,126.20999908447266
52.9375,4.575250148773193,128.89999389648438
52.119998931884766,4.496250152587891,128.14999389648438
50.71500015258789,4.327750205993652,125.5199966430664
50.724998474121094,4.3480000495910645,125.51000213623047
50.18000030517578,4.254749774932861,125.5
49.29499816894531,4.2204999923706055,127.12999725341797
46.43000030517578,3.961250066757202,123.3499984741211
47.165000915527344,4.051000118255615,124.7300033569336
47.72999954223633,3.989500045776367,126.0199966430664
47.52000045776367,4.004749774932861,128.92999267578125
47.25,3.913249969482422,128.07000732421875
45.772499084472656,3.793750047683716,126.22000122070312
46.650001525878906,3.876499891281128,126.9000015258789
45.69499969482422,3.805000066757202,127.66999816894531
44.915000915527344,3.683000087738037,126.18000030517578
44.74250030517578,3.6287500858306885,126.23999786376953
44.557498931884766,3.583250045776367,126.16000366210938
44.345001220703125,3.508500099182129,124.94000244140625
44.57500076293945,3.477750062942505,125.7300033569336
43.76750183105469,3.3864998817443848,123.68000030517578
43.32500076293945,3.3445000648498535,119.83999633789062
44.90999984741211,3.575000047683716,123.16000366210938
45.6349983215332,3.5320000648498535,125.83000183105469
46.30500030517578,3.5945000648498535,127.81999969482422
47.537498474121094,3.637500047683716,131.39999389648438
48.14500045776367,3.710750102996826,132.60000610351562
48.70249938964844,3.768749952316284,132.10000610351562
48.54750061035156,3.6549999713897705,131.49000549316406
48.537498474121094,3.7065000534057617,132.32000732421875
48.185001373291016,3.615999937057495,132.4499969482422
48.47249984741211,3.6257500648498535,132.85000610351562
49.61249923706055,3.822000026702881,135.16000366210938
49.467498779296875,3.828000068664551,135.69000244140625
49.8650016784668,3.8524999618530273,136.9499969482422
49.69499969482422,3.7939999103546143,136.97000122070312
49.64500045776367,3.816499948501587,137.77999877929688
48.89250183105469,3.7869999408721924,133.42999267578125
49.95000076293945,3.9814999103546143,133.92999267578125
49.935001373291016,4.080749988555908,134.14999389648438
49.47999954223633,4.10575008392334,133.9600067138672
50.38750076293945,4.154250144958496,135.67999267578125
50.682498931884766,4.055749893188477,136.5800018310547
51.102500915527344,4.068749904632568,137.4600067138672
51.057498931884766,4.0057501792907715,137.05999755859375
50.005001068115234,3.9302499294281006,136.9600067138672
50.310001373291016,3.9327499866485596,136.4600067138672
50.807498931884766,4.001500129699707,137.85000610351562
50.4375,4.1570000648498535,138.39999389648438
50.82500076293945,4.190249919891357,138.89999389648438
51.3025016784668,4.1817498207092285,138.89999389648438
51.125,4.177000045776367,137.0800018310547
50.837501525878906,4.24275016784668,136.27000427246094
51.415000915527344,4.254499912261963,136.4199981689453
50.647499084472656,4.210999965667725,136.6199951171875
51.80500030517578,4.2829999923706055,138.42999267578125
52.209999084472656,4.391499996185303,139.2899932861328
52.16749954223633,4.4664998054504395,140.72000122070312
51.755001068115234,4.334499835968018,140.19000244140625
51.935001373291016,4.3767499923706055,141.33999633789062
52.41999816894531,4.370500087738037,141.02999877929688
52.19499969482422,4.386250019073486,140.35000610351562
53.2599983215332,4.2179999351501465,136.27000427246094
52.10749816894531,4.123000144958496,138.05999755859375
51.005001068115234,4.029749870300293,136.89999389648438
48.334999084472656,3.7697501182556152,132.2100067138672
49.25,3.8087499141693115,134.69000244140625
49.7599983215332,3.847249984741211,135.27999877929688
50.85749816894531,3.9565000534057617,138.88999938964844
50.247501373291016,3.8545000553131104,137.7100067138672
50.119998931884766,3.786250114440918,135.7899932861328
52.24250030517578,3.901249885559082,138.60000610351562
50.6875,3.7517499923706055,133.97999572753906
50.435001373291016,3.719249963760376,133.67999267578125
51.625,3.989000082015991,136.1300048828125
52.587501525878906,4.269499778747559,138.41000366210938
52.59000015258789,4.196750164031982,137.25999450683594
53.15999984741211,4.280749797821045,138.7899932861328
53.1150016784668,4.2870001792907715,137.77999877929688
50.65999984741211,4.060999870300293,133.38999938964844
51.622501373291016,4.136250019073486,135.4499969482422
51.040000915527344,4.045000076293945,135.74000549316406
51.38249969482422,4.0304999351501465,135.55999755859375
52.252498626708984,4.175000190734863,138.1199951171875
52.185001373291016,4.187749862670898,137.86000061035156
51.42499923706055,4.104249954223633,136.0399932861328
52.29750061035156,4.218999862670898,137.6300048828125
53.31999969482422,4.493500232696533,140.0500030517578
53.314998626708984,4.466249942779541,139.10000610351562
53.54249954223633,4.512499809265137,137.52000427246094
54.17499923706055,4.579500198364258,136.0800018310547
55.897499084472656,4.608250141143799,136.1199951171875
55.772499084472656,4.606750011444092,137.52000427246094
54.6875,4.548500061035156,137.32000732421875
54.974998474121094,4.505249977111816,136.3300018310547
55.17499923706055,4.526750087738037,137.38999938964844
55.692501068115234,4.499499797821045,138.52000427246094
55.2400016784668,4.423500061035156,141.07000732421875
54.432498931884766,4.317249774932861,139.44000244140625
54.68000030517578,4.370999813079834,139.13999938964844
54.41999816894531,4.3132500648498535,137.3800048828125
55.25749969482422,4.455749988555908,139.36000061035156
54.97249984741211,4.433499813079834,139.5399932861328
54.70500183105469,4.294000148773193,137.72999572753906
55.99250030517578,4.351749897003174,139.02999877929688
56.147499084472656,4.349999904632568,137.07000732421875
54.7400016784668,4.326000213623047,134.64999389648438
55.20500183105469,4.532750129699707,136.27999877929688
56.752498626708984,4.54925012588501,138.1199951171875
56.76499938964844,4.608250141143799,137.1199951171875
56.099998474121094,4.430749893188477,135.6699981689453
56.75749969482422,4.517749786376953,138.24000549316406
57.522499084472656,4.57574987411499,139.10000610351562
59.0525016784668,4.649750232696533,139.67999267578125
58.967498779296875,4.663249969482422,139.5500030517578
58.83000183105469,4.909249782562256,141.57000732421875
58.592498779296875,4.855249881744385,140.41000366210938
58.81999969482422,4.857250213623047,139.69000244140625
59.102500915527344,4.762249946594238,137.41000366210938
60.127498626708984,4.90024995803833,138.42999267578125
59.9900016784668,4.890250205993652,136.3699951171875
60.79499816894531,4.8772501945495605,137.24000549316406
60.89500045776367,4.921500205993652,139.94000244140625
61.64500045776367,5.113500118255615,140.72999572753906
62.26250076293945,5.169750213623047,144.19000244140625
60.8224983215332,5.072999954223633,142.8300018310547
60.814998626708984,5.074999809265137,144.61000061035156
62.189998626708984,5.0254998207092285,143.3699951171875
63.95500183105469,5.0647501945495605,143.72000122070312
64.375,5.262499809265137,144.5500030517578
64.28250122070312,5.240250110626221,144.4600067138672
64.30999755859375,5.1907501220703125,144.05999755859375
64.85749816894531,5.208499908447266,144.25999450683594
65.03500366210938,5.194499969482422,145.9600067138672
65.55000305175781,5.204500198364258,146.11000061035156
65.48999786376953,5.240250110626221,147.07000732421875
66.11750030517578,5.214250087738037,147.30999755859375
65.66000366210938,5.244750022888184,148.05999755859375
66.44000244140625,5.104750156402588,149.97000122070312
66.7750015258789,5.307000160217285,150.33999633789062
66.57250213623047,5.199749946594238,150.38999938964844
65.79750061035156,5.2795000076293945,149.6199951171875
65.50250244140625,5.254499912261963,149.47999572753906
65.44499969482422,5.272250175476074,149.58999633789062
66.59249877929688,5.530250072479248,151.22999572753906
66.07250213623047,5.425000190734863,152.02999877929688
66.95999908447266,5.455999851226807,152.32000732421875
66.8125,5.418499946594238,151.3800048828125
66.04000091552734,5.231249809265137,149.5500030517578
64.86250305175781,5.191500186920166,149.30999755859375
65.43499755859375,5.235499858856201,149.85000610351562
66.3949966430664,5.218500137329102,149.92999267578125
67.67749786376953,5.3042497634887695,151.75
66.7300033569336,5.3042497634887695,151.36000061035156
67.12000274658203,5.3495001792907715,151.1300048828125
67.69249725341797,5.433499813079834,151.6999969482422
67.86499786376953,5.601749897003174,153.24000549316406
68.7874984741211,5.59975004196167,154.52999877929688
69.96499633789062,5.628749847412109,155.52999877929688
70.10250091552734,5.707250118255615,154.69000244140625
69.93499755859375,5.737750053405762,154.3699951171875
70.00499725341797,5.886499881744385,155.7100067138672
69.86000061035156,5.984250068664551,157.41000366210938
71.0,5.9704999923706055,157.41000366210938
71.06749725341797,5.9654998779296875,157.3800048828125
72.47750091552734,5.979750156402588,158.6699981689453
72.44999694824219,5.921750068664551,158.9600067138672
72.87999725341797,5.808000087738037,157.58999633789062
73.4124984741211,5.882500171661377,157.6999969482422
75.0875015258789,5.9977498054504395,160.6199951171875
74.35749816894531,5.901750087738037,158.6199951171875
74.94999694824219,5.926499843597412,159.02999877929688
74.59750366210938,5.9982500076293945,157.5800018310547
75.79750061035156,6.009500026702881,160.08999633789062
77.40750122070312,6.075500011444092,162.08999633789062
77.5824966430664,6.107999801635742,161.33999633789062
79.23999786376953,6.299499988555908,163.27999877929688
78.16999816894531,6.182000160217285,162.1300048828125
77.83499908447266,6.139249801635742,163.17999267578125
78.80999755859375,6.223249912261963,166.1699981689453
79.68250274658203,6.23199987411499,167.10000610351562
79.14250183105469,6.198500156402588,166.5
79.42500305175781,6.252749919891357,165.6999969482422
79.80750274658203,6.321499824523926,166.72000122070312
79.57749938964844,6.26200008392334,165.0399932861328
77.23750305175781,6.005000114440918,162.27999877929688
79.42250061035156,6.199250221252441,165.4600067138672
81.08499908447266,6.138500213623047,168.0399932861328
80.96749877929688,6.145249843597412,172.77999877929688
77.37750244140625,5.910749912261963,170.22999572753906
77.16500091552734,6.0082502365112305,174.3800048828125
79.7125015258789,6.178249835968018,180.1199951171875
80.36250305175781,6.269000053405762,179.89999389648438
81.30249786376953,6.356249809265137,183.6300048828125
80.00749969482422,6.289750099182129,183.88999938964844
80.38749694824219,6.574250221252441,188.6999969482422
79.90249633789062,6.697249889373779,184.44000244140625
81.80000305175781,6.813499927520752,184.7100067138672
81.21749877929688,6.769499778747559,183.7100067138672
81.23750305175781,7.244750022888184,185.35000610351562
79.75,7.414249897003174,187.22999572753906
80.90499877929688,7.867499828338623,187.27999877929688
80.07499694824219,7.71750020980835,184.4199981689453
78.26249694824219,7.351749897003174,178.58999633789062
74.54499816894531,6.831999778747559,170.88999938964844
72.0199966430664,6.551249980926514,168.07000732421875
73.1624984741211,6.691249847412109,170.1699981689453
68.37999725341797,6.315000057220459,158.17999267578125
68.33999633789062,6.7517499923706055,162.00999450683594
74.70249938964844,6.910749912261963,172.7899932861328
72.33000183105469,6.647250175476074,164.50999450683594
75.68499755859375,7.112750053405762,170.5500030517578
73.2300033569336,6.832250118255615,166.27000427246094
72.25749969482422,6.651000022888184,161.57000732421875
66.5425033569336,6.136000156402588,150.6199951171875
71.33499908447266,6.5269999504089355,160.9199981689453
68.85749816894531,6.161749839782715,153.6300048828125
62.057498931884766,5.407750129699707,139.05999755859375
69.49250030517578,6.020999908447266,158.8300018310547
60.5525016784668,4.909999847412109,135.4199981689453
63.21500015258789,5.4317498207092285,146.57000732421875
61.66749954223633,5.070499897003174,140.39999389648438
61.19499969482422,5.324250221252441,142.7100067138672
57.310001373291016,5.143750190734863,137.35000610351562
56.092498779296875,5.317249774932861,135.97999572753906
61.720001220703125,6.229499816894531,148.33999633789062
61.380001068115234,6.140500068664551,146.9199981689453
64.61000061035156,6.431000232696533,156.11000061035156
61.935001373291016,6.3182501792907715,149.6999969482422
63.70249938964844,6.639750003814697,160.22999572753906
63.5724983215332,6.590000152587891,157.7100067138672
60.227500915527344,6.076749801635742,152.11000061035156
61.23249816894531,6.386750221252441,155.25999450683594
60.352500915527344,6.097750186920166,153.8300018310547
65.61750030517578,6.710000038146973,165.27000427246094
64.85749816894531,6.475749969482422,163.49000549316406
66.51750183105469,6.673749923706055,165.1300048828125
66.99749755859375,6.573750019073486,165.13999938964844
68.3125,6.746250152587891,165.50999450683594
71.76249694824219,7.098750114440918,173.6999969482422
71.10749816894531,7.020999908447266,171.8800048828125
71.67250061035156,7.367499828338623,177.0399932861328
70.69999694824219,7.308000087738037,178.60000610351562
69.23249816894531,7.176249980926514,175.05999755859375
67.09249877929688,6.737750053405762,167.82000732421875
69.0250015258789,7.153749942779541,173.52000427246094
68.75749969482422,7.100249767303467,171.4199981689453
70.74250030517578,7.239749908447266,174.5500030517578
70.7925033569336,7.427000045776367,174.0500030517578
69.6449966430664,7.283999919891357,169.80999755859375
71.93250274658203,7.46150016784668,177.42999267578125
73.44999694824219,7.307000160217285,179.2100067138672
72.26750183105469,7.069499969482422,174.57000732421875
73.29000091552734,7.282249927520752,178.83999633789062
74.38999938964844,7.343500137329102,180.75999450683594
75.15750122070312,7.44474983215332,182.5399932861328
75.93499755859375,7.6217498779296875,183.60000610351562
77.53250122070312,7.8125,184.67999267578125
78.75250244140625,8.065500259399414,186.74000549316406
77.85250091552734,7.802499771118164,182.50999450683594
76.9124984741211,7.78000020980835,179.75
77.38500213623047,8.030500411987305,180.52999877929688
76.92749786376953,8.490750312805176,183.16000366210938
78.73999786376953,8.750249862670898,184.91000366210938
78.28500366210938,8.805500030517578,183.6300048828125
79.80750274658203,8.970000267028809,185.66000366210938
79.2125015258789,8.775250434875488,183.42999267578125
79.72250366210938,9.026249885559082,183.50999450683594
79.18250274658203,8.71774959564209,181.57000732421875
79.52749633789062,8.525250434875488,181.80999755859375
79.5625,8.487000465393066,181.39999389648438
79.48500061035156,8.875499725341797,183.25
80.4625015258789,8.806249618530273,182.8300018310547
80.83499908447266,8.825249671936035,184.91000366210938
81.27999877929688,8.769499778747559,185.36000061035156
80.58000183105469,8.766500473022461,182.9199981689453
82.875,8.920000076293945,187.1999969482422
83.36499786376953,8.805000305175781,188.36000061035156
85.99749755859375,9.045999526977539,189.8000030517578
88.20999908447266,9.36674976348877,196.83999633789062
83.9749984741211,8.796250343322754,186.27000427246094
84.69999694824219,8.932499885559082,187.74000549316406
85.74749755859375,9.173749923706055,188.94000244140625
88.0199966430664,9.068499565124512,193.57000732421875
87.89749908447266,9.236000061035156,194.24000549316406
87.93250274658203,9.218000411987305,196.32000732421875
87.43000030517578,9.261249542236328,195.14999389648438
89.71749877929688,9.526749610900879,200.57000732421875
91.63249969482422,9.449999809265137,201.91000366210938
90.01499938964844,9.23550033569336,197.83999633789062
91.20999908447266,9.489999771118164,200.33999633789062
88.40750122070312,9.154999732971191,196.3300018310547
90.44499969482422,9.199999809265137,198.44000244140625
91.19999694824219,9.497750282287598,203.50999450683594
91.02749633789062,9.529999732971191,204.6999969482422
91.02749633789062,9.612250328063965,206.25999450683594
93.4625015258789,9.839249610900879,210.6999969482422
93.17250061035156,9.871749877929688,208.25
95.34249877929688,10.215999603271484,212.8300018310547
95.75250244140625,10.508999824523926,214.32000732421875
95.91999816894531,10.479249954223633,213.6699981689453
95.47750091552734,10.052249908447266,207.07000732421875
97.05750274658203,10.376999855041504,208.35000610351562
97.7249984741211,10.227250099182129,208.0399932861328
96.52249908447266,10.134750366210938,203.9199981689453
96.32749938964844,10.201499938964844,202.8800048828125
98.35749816894531,10.510749816894531,211.60000610351562
97.0,10.328499794006348,208.75
97.27249908447266,10.438750267028809,211.75
92.84500122070312,10.12975025177002,202.5399932861328
92.61499786376953,10.194499969482422,201.3000030517578
94.80999755859375,10.421500205993652,203.85000610351562
93.25250244140625,10.215499877929688,202.02000427246094
95.04000091552734,10.465499877929688,204.05999755859375
96.19000244140625,10.61400032043457,203.89999389648438
106.26000213623047,10.614749908447266,205.00999450683594
108.9375,11.010250091552734,216.5399932861328
109.66500091552734,11.227749824523926,213.2899932861328
110.0625,11.286749839782715,212.94000244140625
113.90249633789062,11.33549976348877,216.35000610351562
111.11250305175781,11.19950008392334,212.47999572753906
112.72750091552734,11.164999961853027,208.25
109.375,10.850000381469727,203.3800048828125
113.01000213623047,11.440250396728516,209.19000244140625
115.01000213623047,11.442999839782715,208.6999969482422
114.90750122070312,11.564000129699707,208.89999389648438
114.60749816894531,12.336999893188477,210.27999877929688
115.5625,12.260749816894531,211.49000549316406
115.7074966430664,12.138500213623047,209.6999969482422
118.2750015258789,12.140999794006348,214.5800018310547
124.37000274658203,12.683500289916992,213.02000427246094
125.85749816894531,12.720250129699707,213.69000244140625
124.82499694824219,12.75,216.47000122070312
126.52249908447266,12.77299976348877,221.14999389648438
125.01000213623047,12.628250122070312,226.5800018310547
124.80750274658203,13.147749900817871,228.91000366210938
129.0399932861328,13.374500274658203,225.52999877929688
134.17999267578125,13.821000099182129,227.27000427246094
131.39999389648438,14.346500396728516,231.64999389648438
120.87999725341797,13.01550006866455,217.3000030517578
120.95999908447266,12.6225004196167,214.25
112.81999969482422,11.913000106811523,202.66000366210938
117.31999969482422,12.71500015258789,211.2899932861328
113.48999786376953,12.311750411987305,205.3699951171875
112.0,12.16450023651123,204.02999877929688
115.36000061035156,12.872249603271484,205.41000366210938
115.54000091552734,12.991000175476074,208.77999877929688
112.12999725341797,12.51449966430664,205.0500030517578
110.33999633789062,12.463500022888184,202.91000366210938
106.83999633789062,12.189249992370605,200.38999938964844
110.08000183105469,12.517250061035156,202.5399932861328
111.80999755859375,12.637749671936035,207.4199981689453
107.12000274658203,12.123749732971191,200.58999633789062
108.22000122070312,12.347999572753906,203.19000244140625
112.27999877929688,12.873749732971191,207.82000732421875
114.95999908447266,13.03499984741211,209.44000244140625
114.08999633789062,13.225749969482422,207.25999450683594
115.80999755859375,13.530500411987305,210.3300018310547
116.79000091552734,13.614500045776367,212.4600067138672
113.0199966430664,13.062250137329102,206.19000244140625
116.5,13.642499923706055,210.3800048828125
113.16000366210938,13.736499786376953,205.91000366210938
115.08000183105469,13.96399974822998,209.8300018310547
114.97000122070312,13.838749885559082,210.5800018310547
116.97000122070312,13.762749671936035,215.80999755859375
124.4000015258789,14.22599983215332,221.39999389648438
121.0999984741211,14.248250007629395,222.86000061035156
121.19000244140625,14.095250129699707,220.86000061035156
120.70999908447266,13.970000267028809,219.66000366210938
119.0199966430664,13.81149959564209,219.66000366210938
115.9800033569336,13.497750282287598,214.22000122070312
117.51000213623047,13.645500183105469,214.64999389648438
116.87000274658203,13.524749755859375,214.8000030517578
115.75,13.361000061035156,214.88999938964844
115.04000091552734,13.590250015258789,216.22999572753906
115.05000305175781,13.141249656677246,210.0800018310547
116.5999984741211,13.396750450134277,213.25
111.19999694824219,12.626999855041504,202.67999267578125
115.31999969482422,13.02400016784668,204.72000122070312
108.86000061035156,12.534000396728516,202.47000122070312
108.7699966430664,12.580750465393066,202.3300018310547
110.44000244140625,13.019499778747559,206.42999267578125
114.94999694824219,13.794249534606934,216.38999938964844
119.02999877929688,14.15999984741211,223.2899932861328
118.69000244140625,14.562000274658203,223.72000122070312
116.31999969482422,13.630749702453613,218.38999938964844
115.97000122070312,12.770000457763672,211.00999450683594
119.48999786376953,13.418000221252441,216.5500030517578
119.20999908447266,13.45674991607666,215.44000244140625
119.26000213623047,13.29699993133545,216.50999450683594
120.30000305175781,13.515250205993652,217.22999572753906
119.38999938964844,13.422249794006348,214.4600067138672
118.02999877929688,13.428750038146973,211.0800018310547
118.63999938964844,13.440250396728516,212.4199981689453
117.33999633789062,13.087750434875488,210.38999938964844
113.8499984741211,13.140000343322754,210.11000061035156
115.16999816894531,12.95775032043457,213.86000061035156
116.02999877929688,13.234749794006348,213.8699951171875
116.58999633789062,13.261249542236328,215.22999572753906
119.05000305175781,13.40149974822998,214.07000732421875
122.72000122070312,13.390000343322754,216.2100067138672
123.08000183105469,13.544500350952148,215.3699951171875
122.94000244140625,13.395999908447266,214.24000549316406
122.25,13.558250427246094,214.36000061035156
123.75,13.606749534606934,214.2899932861328
124.37999725341797,13.350000381469727,216.00999450683594
121.77999877929688,12.930749893188477,211.8000030517578
123.23999786376953,12.972249984741211,210.52000427246094
122.41000366210938,13.013250350952148,213.25999450683594
121.77999877929688,13.30875015258789,214.1999969482422
127.87999725341797,13.36050033569336,214.1300048828125
127.80999755859375,13.242500305175781,219.27999877929688
128.6999969482422,13.3412504196167,219.4199981689453
126.66000366210938,13.272000312805176,218.58999633789062
128.22999572753906,13.332249641418457,222.58999633789062
131.8800048828125,13.278249740600586,223.94000244140625
130.9600067138672,13.009249687194824,221.02000427246094
131.97000122070312,12.993749618530273,222.75
136.69000244140625,12.899999618530273,224.9600067138672
134.8699951171875,12.943249702453613,224.14999389648438
133.72000122070312,13.145750045776367,221.67999267578125
132.69000244140625,13.055000305175781,222.4199981689453
129.41000366210938,13.113499641418457,217.69000244140625
131.00999450683594,13.404749870300293,217.89999389648438
126.5999984741211,12.614500045776367,212.25
130.9199981689453,13.343999862670898,218.2899932861328
132.0500030517578,13.276749610900879,219.6199951171875
128.97999572753906,13.621500015258789,217.49000549316406
128.8000030517578,13.484749794006348,214.92999267578125
130.88999938964844,13.531749725341797,216.33999633789062
128.91000366210938,13.200249671936035,213.02000427246094
127.13999938964844,12.85949993133545,212.64999389648438
127.83000183105469,13.025250434875488,216.44000244140625
132.02999877929688,13.365750312805176,224.33999633789062
136.8699951171875,13.867500305175781,224.97000122070312
139.07000732421875,13.712499618530273,225.9499969482422
142.9199981689453,13.653249740600586,229.52999877929688
143.16000366210938,13.435250282287598,232.3300018310547
142.05999755859375,12.917750358581543,232.89999389648438
137.08999633789062,13.050999641418457,238.92999267578125
131.9600067138672,12.989749908447266,231.9600067138672
134.13999938964844,13.237000465393066,239.64999389648438
134.99000549316406,13.556750297546387,239.50999450683594
133.94000244140625,13.530500411987305,243.0
137.38999938964844,13.664250373840332,242.00999450683594
136.75999450683594,13.590999603271484,242.1999969482422
136.91000366210938,14.438750267028809,242.47000122070312
136.00999450683594,14.263250350952148,243.77000427246094
135.38999938964844,14.764249801635742,242.82000732421875
135.1300048828125,15.250749588012695,244.49000549316406
135.3699951171875,14.961250305175781,244.99000549316406
133.19000244140625,15.330249786376953,243.6999969482422
130.83999633789062,14.906000137329102,244.1999969482422
129.7100067138672,14.829000473022461,243.7899932861328
129.8699951171875,14.92650032043457,240.97000122070312
126.0,14.35575008392334,234.50999450683594
125.86000061035156,14.142000198364258,233.27000427246094
125.3499984741211,14.49899959564209,234.5500030517578
120.98999786376953,13.307499885559082,228.99000549316406
121.26000213623047,13.714500427246094,232.3800048828125
127.79000091552734,13.841750144958496,236.94000244140625
125.12000274658203,13.40625,233.8699951171875
122.05999755859375,12.804750442504883,227.55999755859375
120.12999725341797,12.37024974822998,226.72999572753906
121.41999816894531,12.46150016784668,231.60000610351562
116.36000061035156,11.593250274658203,227.38999938964844
121.08999633789062,12.52025032043457,233.77999877929688
119.9800033569336,12.468250274658203,232.4199981689453
121.95999908447266,12.993499755859375,237.1300048828125
121.02999877929688,12.855999946594238,235.75
123.98999786376953,13.19124984741211,234.80999755859375
125.56999969482422,13.291250228881836,237.7100067138672
124.76000213623047,13.3412504196167,237.0399932861328
120.52999877929688,12.72249984741211,230.72000122070312
119.98999786376953,12.845749855041504,230.35000610351562
123.38999938964844,13.186249732971191,235.99000549316406
122.54000091552734,13.07075023651123,237.5800018310547
120.08999633789062,12.642999649047852,235.4600067138672
120.58999633789062,12.535249710083008,232.33999633789062
121.20999908447266,12.839249610900879,236.47999572753906
121.38999938964844,12.948249816894531,235.24000549316406
119.9000015258789,12.871749877929688,231.85000610351562
122.1500015258789,13.348250389099121,235.77000427246094
123.0,13.811750411987305,242.35000610351562
125.9000015258789,13.987500190734863,249.07000732421875
126.20999908447266,13.861499786376953,247.86000061035156
127.9000015258789,14.143500328063965,249.89999389648438
130.36000061035156,14.317000389099121,253.25
133.0,14.399999618530273,255.85000610351562
131.24000549316406,15.208999633789062,255.91000366210938
134.42999267578125,15.679499626159668,258.489990234375
132.02999877929688,15.277000427246094,255.58999633789062
134.5,16.137250900268555,259.5
134.16000366210938,15.912500381469727,260.739990234375
134.83999633789062,15.361749649047852,258.739990234375
133.11000061035156,15.171250343322754,258.260009765625
133.5,15.36050033569336,260.5799865722656
131.94000244140625,14.850250244140625,257.1700134277344
134.32000732421875,15.265250205993652,261.1499938964844
134.72000122070312,15.477999687194824,261.54998779296875
134.38999938964844,15.381750106811523,261.9700012207031
133.5800018310547,15.276749610900879,254.55999755859375
133.47999572753906,15.324749946594238,252.50999450683594
131.4600067138672,15.009499549865723,252.17999267578125
132.5399932861328,14.836750030517578,251.86000061035156
127.8499984741211,14.351249694824219,247.7899932861328
128.10000610351562,14.458499908447266,246.47000122070312
129.74000549316406,14.52299976348877,249.72999572753906
130.2100067138672,14.812250137329102,252.4600067138672
126.8499984741211,14.26574993133545,247.17999267578125
125.91000366210938,14.306249618530273,246.22999572753906
122.7699966430664,13.758500099182129,239.0
124.97000122070312,13.665249824523926,243.02999877929688
127.44999694824219,14.243000030517578,248.14999389648438
126.2699966430664,14.165499687194824,245.17999267578125
124.8499984741211,14.01574993133545,243.0800018310547
124.69000244140625,14.065750122070312,243.1199951171875
127.30999755859375,14.612500190734863,246.47999572753906
125.43000030517578,14.99174976348877,245.1699981689453
127.0999984741211,15.612000465393066,250.77999877929688
126.9000015258789,15.647749900817871,251.72000122070312
126.8499984741211,15.699999809265137,251.49000549316406
125.27999877929688,15.48799991607666,249.30999755859375
124.61000061035156,16.24449920654297,249.67999267578125
124.27999877929688,16.26449966430664,247.39999389648438
125.05999755859375,16.778249740600586,247.3000030517578
123.54000091552734,16.969749450683594,245.7100067138672
125.88999938964844,17.578250885009766,250.7899932861328
125.9000015258789,17.618999481201172,253.80999755859375
126.73999786376953,17.457000732421875,252.57000732421875
127.12999725341797,17.35824966430664,253.58999633789062
126.11000061035156,17.424999237060547,257.239990234375
127.3499984741211,17.82525062561035,257.8900146484375
130.47999572753906,18.018749237060547,259.8900146484375
129.63999938964844,17.78849983215332,258.3599853515625
130.14999389648438,17.81024932861328,257.3800048828125
131.7899932861328,18.657249450683594,260.8999938964844
130.4600067138672,18.638750076293945,259.42999267578125
132.3000030517578,18.427249908447266,262.6300048828125
133.97999572753906,18.886749267578125,265.510009765625
133.6999969482422,19.057249069213867,265.2699890136719
133.41000366210938,19.20549964904785,266.69000244140625
133.11000061035156,19.0310001373291,265.0199890136719
134.77999877929688,19.985000610351562,268.7200012207031
136.3300018310547,20.026750564575195,271.3999938964844
136.9600067138672,20.002500534057617,270.8999938964844
137.27000427246094,20.211999893188477,271.6000061035156
139.9600067138672,20.48699951171875,277.6499938964844
142.02000427246094,20.69849967956543,277.6600036621094
144.57000732421875,20.371749877929688,279.92999267578125
143.24000549316406,19.90275001525879,277.4200134277344
145.11000061035156,20.050249099731445,277.94000244140625
144.5,20.512500762939453,277.32000732421875
145.63999938964844,20.25,280.9800109863281
149.14999389648438,19.84149932861328,282.510009765625
148.47999572753906,18.966249465942383,281.0299987792969
146.38999938964844,18.160999298095703,280.75
142.4499969482422,18.77975082397461,277.010009765625
146.14999389648438,18.61199951171875,279.32000732421875
145.39999389648438,19.40999984741211,281.3999938964844
146.8000030517578,19.5939998626709,286.1400146484375
148.55999755859375,19.558000564575195,289.6700134277344
148.99000549316406,19.29400062561035,289.04998779296875
146.77000427246094,19.20800018310547,286.5400085449219
144.97999572753906,19.503000259399414,286.2200012207031
145.63999938964844,19.66200065612793,286.5
145.86000061035156,19.499000549316406,284.9100036621094
145.52000427246094,19.75,284.82000732421875
147.36000061035156,19.815000534057617,287.1199951171875
146.9499969482422,20.27400016784668,286.510009765625
147.05999755859375,20.636999130249023,289.5199890136719
146.13999938964844,20.365999221801758,289.4599914550781
146.08999633789062,20.295000076293945,288.3299865722656
145.60000610351562,19.93600082397461,286.44000244140625
145.86000061035156,19.698999404907227,286.95001220703125
148.88999938964844,19.905000686645508,289.80999755859375
149.10000610351562,20.187999725341797,292.8500061035156
151.1199951171875,19.950000762939453,294.6000061035156
150.19000244140625,19.45800018310547,293.0799865722656
146.36000061035156,19.040000915527344,290.7300109863281
146.6999969482422,19.79800033569336,296.7699890136719
148.19000244140625,20.81599998474121,304.3599853515625
149.7100067138672,21.95800018310547,304.6499938964844
149.6199951171875,21.792999267578125,302.6199951171875
148.36000061035156,22.21299934387207,302.010009765625
147.5399932861328,22.06800079345703,299.0899963378906
148.60000610351562,22.63599967956543,299.7200012207031
153.1199951171875,22.687999725341797,303.5899963378906
151.8300018310547,22.385000228881836,301.8800048828125
152.50999450683594,22.44099998474121,301.8299865722656
153.64999389648438,22.395999908447266,301.1499938964844
154.3000030517578,22.843000411987305,301.1400146484375
156.69000244140625,22.66200065612793,300.17999267578125
155.11000061035156,22.339000701904297,300.2099914550781
154.07000732421875,22.177000045776367,297.25
148.97000122070312,22.47800064086914,295.7099914550781
149.5500030517578,22.152000427246094,296.989990234375
148.1199951171875,22.242000579833984,299.7900085449219
149.02999877929688,22.340999603271484,304.82000732421875
148.7899932861328,22.242000579833984,305.2200012207031
146.05999755859375,21.899999618530273,299.8699951171875
142.94000244140625,21.113000869750977,294.29998779296875
143.42999267578125,21.246000289916992,294.79998779296875
145.85000610351562,21.94099998474121,298.5799865722656
146.8300018310547,22.48200035095215,299.55999755859375
146.9199981689453,22.08099937438965,299.3500061035156
145.3699951171875,21.65999984741211,294.1700134277344
141.91000366210938,20.698999404907227,283.5199890136719
142.8300018310547,20.517000198364258,284.0
141.5,20.715999603271484,281.9200134277344
142.64999389648438,20.742000579833984,289.1000061035156
139.13999938964844,19.73200035095215,283.1099853515625
141.11000061035156,20.451000213623047,288.760009765625
142.0,20.700000762939453,293.1099853515625
143.2899932861328,21.075000762939453,294.8500061035156
142.89999389648438,20.83099937438965,294.8500061035156
142.80999755859375,20.69499969482422,294.2300109863281
141.50999450683594,20.67099952697754,292.8800048828125
140.91000366210938,20.93899917602539,296.30999755859375
143.75999450683594,21.746000289916992,302.75
144.83999633789062,21.86199951171875,304.2099914550781
146.5500030517578,22.222000122070312,307.2900085449219
148.75999450683594,22.290000915527344,308.2300109863281
149.25999450683594,22.10300064086914,307.4100036621094
149.47999572753906,22.691999435424805,310.760009765625
148.69000244140625,22.72599983215332,309.1600036621094
148.63999938964844,23.166000366210938,308.1300048828125
149.32000732421875,24.716999053955078,310.1099853515625
148.85000610351562,24.451000213623047,323.1700134277344
152.57000732421875,24.94099998474121,324.3500061035156
149.8000030517578,25.566999435424805,331.6199951171875
148.9600067138672,25.82699966430664,329.3699951171875
150.02000427246094,26.400999069213867,333.1300048828125
151.49000549316406,26.597999572753906,334.0
150.9600067138672,29.801000595092773,336.44000244140625
151.27999877929688,29.75200080871582,336.05999755859375
150.44000244140625,30.804000854492188,336.989990234375
150.80999755859375,30.656999588012695,335.95001220703125
147.9199981689453,29.458999633789062,330.79998779296875
147.8699951171875,30.389999389648438,332.42999267578125
149.99000549316406,30.389999389648438,336.7200012207031
150.0,30.024999618530273,336.07000732421875
151.0,30.202999114990234,339.510009765625
153.49000549316406,29.26099967956543,339.1199951171875
157.8699951171875,31.674999237060547,341.2699890136719
160.5500030517578,32.98500061035156,343.1099853515625
161.02000427246094,31.95599937438965,339.8299865722656
161.41000366210938,31.746000289916992,337.67999267578125
161.94000244140625,32.67399978637695,337.9100036621094
156.80999755859375,31.503000259399414,329.67999267578125
160.24000549316406,33.375999450683594,336.6300048828125
165.3000030517578,32.67599868774414,330.5899963378906
164.77000427246094,31.434999465942383,330.0799865722656
163.75999450683594,32.125999450683594,329.489990234375
161.83999633789062,30.69300079345703,323.010009765625
165.32000732421875,30.03700065612793,326.19000244140625
171.17999267578125,32.426998138427734,334.9200134277344
175.0800018310547,31.826000213623047,334.9700012207031
174.55999755859375,30.489999771118164,333.1000061035156
179.4499969482422,30.197999954223633,342.5400085449219
175.74000549316406,28.160999298095703,339.3999938964844
174.3300018310547,28.336999893188477,328.3399963378906
179.3000030517578,30.458999633789062,334.6499938964844
172.25999450683594,28.386999130249023,324.8999938964844
171.13999938964844,27.801000595092773,323.79998779296875
169.75,27.7189998626709,319.9100036621094
172.99000549316406,29.075000762939453,327.2900085449219
175.63999938964844,29.399999618530273,333.20001220703125
176.27999877929688,29.639999389648438,334.69000244140625
180.3300018310547,30.94499969482422,342.45001220703125
179.2899932861328,30.32200050354004,341.25
179.3800048828125,30.000999450683594,341.95001220703125
178.1999969482422,29.586000442504883,339.32000732421875
177.57000732421875,29.410999298095703,336.32000732421875
182.00999450683594,30.121000289916992,334.75
179.6999969482422,29.290000915527344,329.010009765625
174.9199981689453,27.604000091552734,316.3800048828125
172.0,28.17799949645996,313.8800048828125
172.1699981689453,27.246999740600586,314.0400085449219
172.19000244140625,27.399999618530273,314.2699890136719
175.0800018310547,27.816999435424805,314.9800109863281
175.52999877929688,27.999000549316406,318.2699890136719
172.19000244140625,26.575000762939453,304.79998779296875
173.07000732421875,26.941999435424805,310.20001220703125
169.8000030517578,25.902999877929688,302.6499938964844
166.22999572753906,25.066999435424805,303.3299865722656
164.50999450683594,24.149999618530273,301.6000061035156
162.41000366210938,23.374000549316406,296.0299987792969
161.6199951171875,23.371999740600586,296.3699951171875
159.77999877929688,22.323999404907227,288.489990234375
159.69000244140625,22.77199935913086,296.7099914550781
159.22000122070312,21.944000244140625,299.8399963378906
170.3300018310547,22.84000015258789,308.260009765625
174.77999877929688,24.486000061035156,310.9800109863281
174.61000061035156,24.63800048828125,308.760009765625
175.83999633789062,25.242000579833984,313.4599914550781
172.89999389648438,23.947999954223633,301.25
172.38999938964844,24.319000244140625,305.94000244140625
171.66000366210938,24.72800064086914,300.95001220703125
174.8300018310547,25.107999801635742,304.55999755859375
176.27999877929688,26.704999923706055,311.2099914550781
172.1199951171875,25.823999404907227,302.3800048828125
168.63999938964844,23.948999404907227,295.0400085449219
168.8800048828125,24.267000198364258,295.0
172.7899932861328,26.4950008392334,300.4700012207031
172.5500030517578,26.51099967956543,299.5
168.8800048828125,24.506999969482422,290.7300109863281
167.3000030517578,23.642000198364258,287.92999267578125
164.32000732421875,23.389999389648438,287.7200012207031
160.07000732421875,22.386999130249023,280.2699890136719
162.74000549316406,23.74799919128418,294.5899963378906
164.85000610351562,24.156999588012695,297.30999755859375
165.1199951171875,24.385000228881836,298.7900085449219
163.1999969482422,23.476999282836914,294.95001220703125
166.55999755859375,24.219999313354492,300.19000244140625
166.22999572753906,23.714000701904297,295.9200134277344
163.1699981689453,22.93600082397461,289.8599853515625
159.3000030517578,21.351999282836914,278.9100036621094
157.44000244140625,21.513999938964844,275.8500061035156
162.9499969482422,23.013999938964844,288.5
158.52000427246094,22.658000946044922,285.5899963378906
154.72999572753906,22.100000381469727,280.07000732421875
150.6199951171875,21.329999923706055,276.44000244140625
155.08999633789062,22.972999572753906,287.1499938964844
159.58999633789062,24.496000289916992,294.3900146484375
160.6199951171875,24.766000747680664,295.2200012207031
163.97999572753906,26.452999114990234,300.42999267578125
165.3800048828125,26.733999252319336,299.1600036621094
168.82000732421875,26.52400016784668,304.05999755859375
170.2100067138672,25.634000778198242,299.489990234375
174.07000732421875,28.149999618530273,304.1000061035156
174.72000122070312,27.691999435424805,303.67999267578125
175.60000610351562,28.2189998626709,310.70001220703125
178.9600067138672,28.6560001373291,315.4100036621094
177.77000427246094,27.690000534057617,313.8599853515625
174.61000061035156,27.285999298095703,308.30999755859375
174.30999755859375,26.711999893188477,309.4200134277344
178.44000244140625,27.360000610351562,314.9700012207031
175.05999755859375,25.930999755859375,310.8800048828125
171.8300018310547,24.406999588012695,299.5
172.13999938964844,24.20800018310547,301.3699951171875
170.08999633789062,23.118999481201172,296.9700012207031
165.75,21.91699981689453,285.260009765625
167.66000366210938,21.503999710083008,282.05999755859375
170.39999389648438,22.202999114990234,287.6199951171875
165.2899932861328,21.257999420166016,279.8299865722656
165.07000732421875,21.783000946044922,280.5199890136719
167.39999389648438,22.197999954223633,285.29998779296875
167.22999572753906,21.48200035095215,286.3599853515625
166.4199981689453,20.183000564575195,280.80999755859375
161.7899932861328,19.514999389648438,274.0299987792969
162.8800048828125,19.902000427246094,280.7200012207031
156.8000030517578,18.788000106811523,270.2200012207031
156.57000732421875,18.415000915527344,283.2200012207031
163.63999938964844,19.781999588012695,289.6300048828125
157.64999389648438,18.547000885009766,277.5199890136719
157.9600067138672,19.533000946044922,284.4700012207031
159.47999572753906,19.601999282836914,281.7799987792969
166.02000427246094,20.333999633789062,289.9800109863281
156.77000427246094,18.8439998626709,277.3500061035156
157.27999877929688,18.674999237060547,274.7300109863281
152.05999755859375,16.950000762939453,264.5799865722656
154.50999450683594,17.594999313354492,269.5
146.5,16.6299991607666,260.54998779296875
142.55999755859375,16.174999237060547,255.35000610351562
147.11000061035156,17.70599937438965,261.1199951171875
145.5399932861328,17.263999938964844,261.5
149.24000549316406,18.177000045776367,266.82000732421875
140.82000732421875,16.937999725341797,254.0800018310547
137.35000610351562,17.124000549316406,253.13999938964844
137.58999633789062,16.694000244140625,252.55999755859375
143.11000061035156,16.898000717163086,260.6499938964844
140.36000061035156,16.15399932861328,259.6199951171875
140.52000427246094,16.975000381469727,262.5199890136719
143.77999877929688,17.85099983215332,265.8999938964844
149.63999938964844,18.81100082397461,273.239990234375
148.83999633789062,18.672000885009766,271.8699951171875
148.7100067138672,18.31999969482422,272.4200134277344
151.2100067138672,19.591999053955078,274.5799865722656
145.3800048828125,18.719999313354492,270.0199890136719
146.13999938964844,18.785999298095703,268.75
148.7100067138672,18.926000595092773,272.5
147.9600067138672,18.648000717163086,270.4100036621094
142.63999938964844,18.04800033569336,264.7900085449219
137.1300048828125,16.974000930786133,252.99000549316406
131.8800048828125,15.647000312805176,242.25999450683594
132.75999450683594,15.836000442504883,244.49000549316406
135.42999267578125,16.527000427246094,251.75999450683594
130.05999755859375,15.60099983215332,244.97000122070312
131.55999755859375,15.880000114440918,247.64999389648438
135.8699951171875,16.56599998474121,253.74000549316406
135.35000610351562,16.360000610351562,253.1300048828125
138.27000427246094,16.225000381469727,258.8599853515625
141.66000366210938,17.125999450683594,267.70001220703125
141.66000366210938,16.868999481201172,264.8900146484375
137.44000244140625,15.982000350952148,256.4800109863281
139.22999572753906,15.541999816894531,260.260009765625
136.72000122070312,15.159000396728516,256.8299865722656
138.92999267578125,14.52299976348877,259.5799865722656
141.55999755859375,14.96399974822998,262.8500061035156
142.9199981689453,15.130000114440918,266.2099914550781
146.35000610351562,15.857999801635742,268.3999938964844
147.0399932861328,15.838000297546387,267.6600036621094
144.8699951171875,15.152000427246094,264.510009765625
145.86000061035156,15.081999778747559,253.6699981689453
145.49000549316406,15.163999557495117,252.72000122070312
148.47000122070312,15.371999740600586,254.0800018310547
150.1699981689453,15.76200008392334,256.7200012207031
147.07000732421875,16.10099983215332,254.25
151.0,16.992000579833984,259.5299987792969
153.0399932861328,17.80699920654297,262.2699890136719
155.35000610351562,18.049999237060547,264.8399963378906
154.08999633789062,17.319000244140625,260.3599853515625
152.9499969482422,17.02400016784668,258.8299865722656
151.60000610351562,16.533000946044922,251.89999389648438
156.7899932861328,17.790000915527344,268.739990234375
157.35000610351562,17.983999252319336,276.4100036621094
162.50999450683594,18.163000106811523,280.739990234375
161.50999450683594,18.44099998474121,278.010009765625
160.00999450683594,18.525999069213867,274.82000732421875
166.1300048828125,18.89299964904785,282.4700012207031
165.80999755859375,19.21500015258789,283.6499938964844
165.35000610351562,18.98900032043457,282.9100036621094
164.8699951171875,17.792999267578125,280.32000732421875
164.9199981689453,17.086000442504883,282.29998779296875
169.24000549316406,18.097000122070312,289.1600036621094
168.49000549316406,17.941999435424805,287.0199890136719
172.10000610351562,18.708999633789062,291.9100036621094
173.19000244140625,19.031999588012695,293.4700012207031
173.02999877929688,18.878999710083008,292.7099914550781
174.5500030517578,18.334999084472656,291.32000732421875
174.14999389648438,18.773000717163086,290.1700134277344
171.52000427246094,17.849000930786133,286.1499938964844
167.57000732421875,17.034000396728516,277.75
167.22999572753906,17.180999755859375,276.44000244140625
167.52999877929688,17.222000122070312,275.7900085449219
170.02999877929688,17.913000106811523,278.8500061035156
163.6199951171875,16.260000228881836,268.0899963378906
161.3800048828125,15.800999641418457,265.2300109863281
158.91000366210938,15.468000411987305,262.9700012207031
157.22000122070312,15.093999862670898,261.4700012207031
157.9600067138672,13.937000274658203,260.3999938964844
155.80999755859375,13.647000312805176,256.05999755859375
154.52999877929688,13.46500015258789,253.25
155.9600067138672,13.71399974822998,258.0899963378906
154.4600067138672,13.989999771118164,258.5199890136719
157.3699951171875,14.38700008392334,264.4599914550781
163.42999267578125,14.505000114440918,266.6499938964844
153.83999633789062,13.130999565124512,251.99000549316406
155.30999755859375,13.128000259399414,252.22000122070312
152.3699951171875,12.928999900817871,245.3800048828125
150.6999969482422,13.197999954223633,244.74000549316406
154.47999572753906,13.381999969482422,244.52000427246094
156.89999389648438,13.175999641418457,242.4499969482422
153.72000122070312,13.26099967956543,238.9499969482422
152.74000549316406,12.560999870300293,240.97999572753906
150.42999267578125,12.515999794006348,237.9199981689453
150.77000427246094,12.227999687194824,237.4499969482422
151.75999450683594,12.413000106811523,236.41000366210938
149.83999633789062,12.736000061035156,241.07000732421875
142.47999572753906,12.220000267028809,237.5
138.1999969482422,12.138999938964844,232.89999389648438
142.4499969482422,12.51200008392334,240.74000549316406
146.10000610351562,13.166999816894531,248.8800048828125
146.39999389648438,13.208999633789062,249.1999969482422
145.42999267578125,13.130000114440918,246.7899932861328
140.08999633789062,12.076000213623047,234.24000549316406
140.4199981689453,11.670000076293945,229.25
138.97999572753906,11.586000442504883,225.41000366210938
138.33999633789062,11.5,225.75
142.99000549316406,11.960000038146973,234.24000549316406
138.3800048828125,11.22700023651123,228.55999755859375
142.41000366210938,11.887999534606934,237.52999877929688
143.75,11.967000007629395,238.5
143.86000061035156,12.050999641418457,236.47999572753906
143.38999938964844,12.194000244140625,236.14999389648438
147.27000427246094,12.465999603271484,242.1199951171875
149.4499969482422,12.598999977111816,247.25
152.33999633789062,13.26099967956543,250.66000366210938
149.35000610351562,12.895999908447266,231.32000732421875
144.8000030517578,13.175999641418457,226.75
155.74000549316406,13.833999633789062,235.8699951171875
153.33999633789062,13.496999740600586,232.1300048828125
150.64999389648438,13.543000221252441,228.1699981689453
145.02999877929688,13.218999862670898,220.10000610351562
138.8800048828125,13.420999526977539,214.25
138.3800048828125,14.156000137329102,221.38999938964844
138.9199981689453,14.300999641418457,227.8699951171875
139.5,14.60200023651123,228.8699951171875
134.8699951171875,13.776000022888184,224.50999450683594
146.8699951171875,15.75,242.97999572753906
149.6999969482422,16.32699966430664,247.11000061035156
148.27999877929688,16.295000076293945,241.5500030517578
150.0399932861328,16.666000366210938,241.97000122070312
148.7899932861328,15.90999984741211,241.72999572753906
150.72000122070312,15.677000045776367,241.67999267578125
151.2899932861328,15.409000396728516,241.22000122070312
148.00999450683594,15.317000389099121,242.0500030517578
150.17999267578125,16.038000106811523,245.02999877929688
151.07000732421875,16.518999099731445,247.5800018310547
148.11000061035156,16.270000457763672,247.49000549316406
144.22000122070312,15.82699966430664,241.75999450683594
141.1699981689453,15.638999938964844,240.3300018310547
148.02999877929688,16.92300033569336,255.13999938964844
148.30999755859375,17.135000228881836,254.69000244140625
147.80999755859375,16.875999450683594,255.02000427246094
146.6300048828125,16.610000610351562,250.1999969482422
142.91000366210938,15.987000465393066,245.1199951171875
140.94000244140625,16.1200008392334,244.3699951171875
142.64999389648438,17.16900062561035,247.39999389648438
142.16000366210938,17.000999450683594,245.4199981689453
144.49000549316406,17.53499984741211,252.50999450683594
145.47000122070312,18.07200050354004,256.9200134277344
143.2100067138672,17.673999786376953,257.2200012207031
136.5,16.95199966430664,249.00999450683594
134.50999450683594,16.570999145507812,244.69000244140625
132.3699951171875,16.253999710083008,240.4499969482422
132.3000030517578,16.084999084472656,241.8000030517578
135.4499969482422,16.500999450683594,244.42999267578125
132.22999572753906,15.33899974822998,238.19000244140625
131.86000061035156,15.206000328063965,238.72999572753906
130.02999877929688,14.121000289916992,236.9600067138672
126.04000091552734,14.03600025177002,234.52999877929688
129.61000061035156,14.602999687194824,241.00999450683594
129.92999267578125,14.61400032043457,239.82000732421875
125.06999969482422,14.3149995803833,239.5800018310547
126.36000061035156,14.74899959564209,229.10000610351562
125.0199966430664,14.265000343322754,222.30999755859375
129.6199951171875,14.859000205993652,224.92999267578125
130.14999389648438,15.628000259399414,227.1199951171875
130.72999572753906,15.909000396728516,228.85000610351562
133.49000549316406,16.000999450683594,235.77000427246094
133.41000366210938,16.51099967956543,238.50999450683594
134.75999450683594,16.89900016784668,239.22999572753906
135.94000244140625,17.70199966430664,240.35000610351562
135.2100067138672,17.37700080871582,235.80999755859375
135.27000427246094,16.764999389648438,231.92999267578125
137.8699951171875,17.839000701904297,240.22000122070312
141.11000061035156,19.19300079345703,242.5800018310547
142.52999877929688,19.264999389648438,242.0399932861328
141.86000061035156,19.322999954223633,240.61000061035156
143.9600067138672,19.802000045776367,248.0
145.92999267578125,20.364999771118164,248.16000366210938
143.0,19.16200065612793,242.7100067138672
144.2899932861328,19.53700065612793,247.80999755859375
145.42999267578125,20.94300079345703,252.75
150.82000732421875,21.708999633789062,264.6000061035156
154.5,21.100000381469727,258.3500061035156
151.72999572753906,21.089000701904297,256.7699890136719
154.64999389648438,22.17300033569336,267.55999755859375
151.9199981689453,22.204999923706055,266.7300109863281
150.8699951171875,22.336999893188477,263.6199951171875
151.00999450683594,21.264999389648438,263.1000061035156
153.85000610351562,21.788000106811523,271.32000732421875
153.1999969482422,22.97100067138672,272.1700134277344
155.3300018310547,22.763999938964844,269.32000732421875
153.7100067138672,22.00200080871582,262.1499938964844
152.5500030517578,21.38800048828125,258.05999755859375
148.47999572753906,20.655000686645508,252.6699981689453
148.91000366210938,20.753999710083008,251.50999450683594
149.39999389648438,23.663999557495117,254.77000427246094
146.7100067138672,23.285999298095703,249.22000122070312
147.9199981689453,23.500999450683594,250.16000366210938
147.41000366210938,23.215999603271484,249.4199981689453
145.30999755859375,22.697999954223633,246.27000427246094
145.91000366210938,23.31399917602539,251.11000061035156
151.02999877929688,23.889999389648438,255.2899932861328
153.8300018310547,23.554000854492188,256.8699951171875
151.60000610351562,23.288000106811523,254.14999389648438
152.8699951171875,24.180999755859375,253.6999969482422
150.58999633789062,23.43600082397461,252.32000732421875
148.5,22.96500015258789,248.58999633789062
150.47000122070312,22.965999603271484,253.9199981689453
152.58999633789062,24.062999725341797,260.7900085449219
152.99000549316406,24.22800064086914,265.44000244140625
155.85000610351562,25.541000366210938,276.20001220703125
155.0,25.725000381469727,279.42999267578125
157.39999389648438,25.899999618530273,272.2300109863281
159.27999877929688,26.198999404907227,273.7799987792969
157.8300018310547,26.468000411987305,272.2900085449219
158.92999267578125,27.19099998474121,277.6600036621094
160.25,26.77899932861328,280.57000732421875
158.27999877929688,26.5310001373291,276.3800048828125
157.64999389648438,26.40999984741211,275.2300109863281
160.77000427246094,26.983999252319336,280.510009765625
162.36000061035156,27.382999420166016,284.04998779296875
164.89999389648438,27.777000427246094,288.29998779296875
166.1699981689453,27.96500015258789,287.2300109863281
165.6300048828125,27.452999114990234,287.17999267578125
163.75999450683594,26.881000518798828,284.3399963378906
164.66000366210938,27.03700065612793,291.6000061035156
162.02999877929688,27.57900047302246,289.3900146484375
160.8000030517578,27.16900062561035,282.8299865722656
160.10000610351562,26.4950008392334,283.489990234375
165.55999755859375,26.46299934387207,289.8399963378906
165.2100067138672,26.757999420166016,286.1400146484375
165.22999572753906,27.00200080871582,288.79998779296875
166.47000122070312,27.66699981689453,288.3699951171875
167.6300048828125,27.930999755859375,288.45001220703125
166.64999389648438,27.104000091552734,286.1099853515625
165.02000427246094,27.118999481201172,285.760009765625
165.3300018310547,27.04199981689453,281.7699890136719
163.77000427246094,26.240999221801758,275.4200134277344
163.75999450683594,26.95599937438965,295.3699951171875
168.41000366210938,27.22599983215332,304.8299865722656
169.67999267578125,27.749000549316406,307.260009765625
169.58999633789062,28.90999984741211,305.55999755859375
168.5399932861328,28.209999084472656,305.4100036621094
167.4499969482422,27.802000045776367,304.3999938964844
165.7899932861328,27.562000274658203,305.4100036621094
173.57000732421875,28.68000030517578,310.6499938964844
173.5,29.150999069213867,308.6499938964844
171.77000427246094,28.570999145507812,307.0
173.55999755859375,28.885000228881836,312.30999755859375
173.75,28.577999114990234,310.1099853515625
172.57000732421875,28.34000015258789,308.9700012207031
172.07000732421875,28.952999114990234,309.4599914550781
172.07000732421875,29.21299934387207,311.739990234375
172.69000244140625,30.17799949645996,314.0
175.0500030517578,31.67799949645996,318.5199890136719
175.16000366210938,31.263999938964844,318.3399963378906
174.1999969482422,31.176000595092773,321.17999267578125
171.55999755859375,30.687999725341797,315.260009765625
171.83999633789062,30.538000106811523,313.8500061035156
172.99000549316406,37.97999954223633,325.9200134277344
175.42999267578125,38.94599914550781,332.8900146484375
177.3000030517578,40.111000061035156,331.2099914550781
177.25,37.83399963378906,328.3900146484375
180.08999633789062,39.77000045776367,332.5799865722656
180.9499969482422,39.32699966430664,335.3999938964844
179.5800018310547,39.17100143432617,335.94000244140625
179.2100067138672,38.65399932861328,333.67999267578125
177.82000732421875,37.474998474121094,323.3800048828125
180.57000732421875,38.5099983215332,325.260009765625
180.9600067138672,38.77000045776367,326.7900085449219
183.7899932861328,39.481998443603516,331.8500061035156
183.30999755859375,41.02199935913086,334.2900085449219
183.9499969482422,42.99700164794922,337.3399963378906
186.00999450683594,42.65299987792969,348.1000061035156
184.9199981689453,42.69200134277344,342.3299865722656
185.00999450683594,43.80799865722656,338.04998779296875
183.9600067138672,43.04499816894531,333.55999755859375
187.0,43.025001525878906,339.7099914550781
186.67999267578125,42.20899963378906,335.0199890136719
185.27000427246094,40.63199996948242,328.6000061035156
188.05999755859375,41.875999450683594,334.57000732421875
189.25,41.117000579833984,335.8500061035156
189.58999633789062,40.821998596191406,335.04998779296875
193.97000122070312,42.301998138427734,340.5400085449219
192.4600067138672,42.41299819946289,337.989990234375
191.3300018310547,42.31700134277344,338.1499938964844
191.80999755859375,42.10300064086914,341.2699890136719
190.67999267578125,42.50299835205078,337.2200012207031
188.61000061035156,42.18000030517578,331.8299865722656
188.0800018310547,42.404998779296875,332.4700012207031
189.77000427246094,43.902000427246094,337.20001220703125
190.5399932861328,45.97700119018555,342.6600036621094
190.69000244140625,45.46900177001953,345.239990234375
193.99000549316406,46.46099853515625,345.7300109863281
193.72999572753906,47.49399948120117,359.489990234375
195.10000610351562,47.07699966430664,355.0799865722656
193.1300048828125,45.52000045776367,346.8699951171875
191.94000244140625,44.308998107910156,343.7699890136719
192.75,44.61199951171875,345.1099853515625
193.6199951171875,45.67900085449219,350.9800109863281
194.5,45.45199966430664,337.7699890136719
193.22000122070312,45.900001525878906,330.7200012207031
195.8300018310547,46.75,338.3699951171875
196.4499969482422,46.729000091552734,335.9200134277344
195.61000061035156,46.50699996948242,336.3399963378906
192.5800018310547,44.26900100708008,327.5
191.1699981689453,44.51499938964844,326.6600036621094
181.99000549316406,44.68000030517578,327.7799987792969
178.85000610351562,45.41699981689453,330.1099853515625
179.8000030517578,44.66400146484375,326.04998779296875
178.19000244140625,42.55400085449219,322.2300109863281
177.97000122070312,42.38800048828125,322.92999267578125
177.7899932861328,40.85499954223633,321.010009765625
179.4600067138672,43.75299835205078,324.0400085449219
177.4499969482422,43.939998626708984,321.8599853515625
176.57000732421875,43.486000061035156,320.3999938964844
174.0,43.34400177001953,316.8800048828125
174.49000549316406,43.29899978637695,316.4800109863281
175.83999633789062,46.96699905395508,321.8800048828125
177.22999572753906,45.667999267578125,322.4599914550781
181.1199951171875,47.11600112915039,327.0
176.3800048828125,47.16299819946289,319.9700012207031
178.61000061035156,46.018001556396484,322.9800109863281
180.19000244140625,46.834999084472656,323.70001220703125
184.1199951171875,48.784000396728516,328.4100036621094
187.64999389648438,49.263999938964844,328.7900085449219
187.8699951171875,49.35499954223633,327.760009765625
189.4600067138672,48.50899887084961,328.6600036621094
189.6999969482422,48.54800033569336,333.54998779296875
182.91000366210938,47.06100082397461,332.8800048828125
177.55999755859375,46.24100112915039,329.9100036621094
178.17999267578125,45.571998596191406,334.2699890136719
179.36000061035156,45.178001403808594,337.94000244140625
176.3000030517578,44.869998931884766,331.7699890136719
174.2100067138672,45.48500061035156,336.05999755859375
175.74000549316406,45.58100128173828,338.70001220703125
175.00999450683594,43.900001525878906,330.2200012207031
177.97000122070312,43.965999603271484,329.05999755859375
179.07000732421875,43.52000045776367,328.6499938964844
175.49000549316406,42.23899841308594,320.7699890136719
173.92999267578125,41.016998291015625,319.5299987792969
174.7899932861328,41.61000061035156,317.010009765625
176.0800018310547,42.22200012207031,317.5400085449219
171.9600067138672,41.9109992980957,312.1400146484375
170.42999267578125,42.46799850463867,312.7900085449219
170.69000244140625,43.0890007019043,313.6400146484375
171.2100067138672,43.499000549316406,315.75
173.75,44.78200149536133,321.79998779296875
172.39999389648438,43.516998291015625,313.3900146484375
173.66000366210938,44.04100036621094,318.9599914550781
174.91000366210938,44.6879997253418,319.3599853515625
177.49000549316406,45.762001037597656,327.260009765625
178.99000549316406,45.27299880981445,329.82000732421875
178.38999938964844,45.79800033569336,328.3900146484375
179.8000030517578,46.805999755859375,332.4200134277344
180.7100067138672,46.94499969482422,331.1600036621094
178.85000610351562,45.46099853515625,327.7300109863281
178.72000122070312,46.095001220703125,332.6400146484375
177.14999389648438,43.9379997253418,332.05999755859375
175.83999633789062,42.19599914550781,330.1099853515625
175.4600067138672,42.10100173950195,331.32000732421875
172.8800048828125,41.387001037597656,326.6700134277344
173.0,42.974998474121094,329.32000732421875
173.44000244140625,43.66299819946289,330.5299987792969
171.10000610351562,41.77899932861328,340.6700134277344
166.88999938964844,40.32600021362305,327.8900146484375
168.22000122070312,40.5,329.80999755859375
170.2899932861328,41.1609992980957,337.30999755859375
170.77000427246094,40.779998779296875,338.1099853515625
173.97000122070312,42.32500076293945,346.07000732421875
177.57000732421875,43.50600051879883,348.32000732421875
176.64999389648438,45.005001068115234,352.79998779296875
179.22999572753906,45.750999450683594,356.5299987792969
181.82000732421875,45.95500183105469,360.5299987792969
182.88999938964844,46.57400131225586,363.20001220703125
182.41000366210938,46.95000076293945,360.69000244140625
186.39999389648438,48.334999084472656,369.6700134277344
184.8000030517578,48.619998931884766,366.67999267578125
187.44000244140625,49.65599822998047,370.2699890136719
188.00999450683594,48.88800048828125,369.6700134277344
189.7100067138672,49.47999954223633,376.1700134277344
189.69000244140625,49.29800033569336,369.8500061035156
191.4499969482422,50.409000396728516,377.44000244140625
190.63999938964844,49.944000244140625,373.07000732421875
191.30999755859375,48.715999603271484,377.8500061035156
189.97000122070312,47.7760009765625,377.42999267578125
189.7899932861328,48.242000579833984,378.6099853515625
190.39999389648438,47.82099914550781,382.70001220703125
189.3699951171875,48.13999938964844,378.8500061035156
189.9499969482422,46.77000045776367,378.9100036621094
191.24000549316406,46.76499938964844,374.510009765625
189.42999267578125,45.5099983215332,369.1400146484375
193.4199981689453,46.566001892089844,372.5199890136719
192.32000732421875,45.50299835205078,368.79998779296875
194.27000427246094,46.59600067138672,370.95001220703125
195.7100067138672,47.50600051879883,374.2300109863281
193.17999267578125,46.62699890136719,371.29998779296875
194.7100067138672,47.65700149536133,374.3800048828125
197.9600067138672,48.0880012512207,374.3699951171875
198.11000061035156,48.349998474121094,365.92999267578125
197.57000732421875,48.88999938964844,370.7300109863281
195.88999938964844,50.07699966430664,372.6499938964844
196.94000244140625,49.604000091552734,373.260009765625
194.8300018310547,48.111000061035156,370.6199951171875
194.67999267578125,48.9900016784668,373.5400085449219
193.60000610351562,48.83000183105469,374.5799865722656
193.0500030517578,49.27899932861328,374.6600036621094
193.14999389648438,49.41699981689453,374.07000732421875
193.5800018310547,49.52199935913086,375.2799987792969
192.52999877929688,49.52199935913086,376.0400085449219
185.63999938964844,48.167999267578125,370.8699951171875
184.25,47.569000244140625,370.6000061035156
181.91000366210938,47.99800109863281,367.94000244140625
181.17999267578125,49.09700012207031,367.75
185.55999755859375,52.25299835205078,374.69000244140625
185.13999938964844,53.13999938964844,375.7900085449219
186.19000244140625,54.349998474121094,382.7699890136719
185.58999633789062,54.821998596191406,384.6300048828125
185.9199981689453,54.709999084472656,388.4700012207031
183.6300048828125,56.38199996948242,390.2699890136719
182.67999267578125,56.053001403808594,389.4700012207031
188.6300048828125,57.106998443603516,393.8699951171875
191.55999755859375,59.49100112915039,398.6700134277344
193.88999938964844,59.65399932861328,396.510009765625
195.17999267578125,59.87300109863281,398.8999938964844
194.5,61.36199951171875,402.55999755859375
194.1699981689453,61.617000579833984,404.8699951171875
192.4199981689453,61.03099822998047,403.92999267578125
191.72999572753906,62.46500015258789,409.7200012207031
188.0399932861328,62.77399826049805,408.5899963378906
184.39999389648438,61.527000427246094,397.5799865722656
186.86000061035156,63.027000427246094,403.7799987792969
185.85000610351562,66.16000366210938,411.2200012207031
187.67999267578125,69.33200073242188,405.6499938964844
189.3000030517578,68.2229995727539,405.489990234375
189.41000366210938,70.0989990234375,414.04998779296875
188.32000732421875,69.64099884033203,414.1099853515625
188.85000610351562,72.13300323486328,420.54998779296875
187.14999389648438,72.24800109863281,415.260009765625
185.0399932861328,72.12799835205078,406.32000732421875
184.14999389648438,73.9000015258789,409.489990234375
183.86000061035156,72.65799713134766,406.55999755859375
182.30999755859375,72.61299896240234,404.05999755859375
181.55999755859375,69.4520034790039,402.7900085449219
182.32000732421875,67.47200012207031,402.17999267578125
184.3699951171875,78.53800201416016,411.6499938964844
182.52000427246094,78.81700134277344,410.3399963378906
181.16000366210938,79.09200286865234,407.5400085449219
182.6300048828125,78.70099639892578,407.4800109863281
181.4199981689453,77.66300201416016,407.7200012207031
180.75,79.11199951171875,413.6400146484375
179.66000366210938,82.27899932861328,415.5
175.10000610351562,85.23699951171875,414.9200134277344
170.1199951171875,85.96399688720703,402.6499938964844
169.1199951171875,88.69999694824219,402.0899963378906
169.0,92.66899871826172,409.1400146484375
170.72999572753906,87.52799987792969,406.2200012207031
172.75,85.77400207519531,404.5199890136719
173.22999572753906,91.91300201416016,415.2799987792969
171.1300048828125,90.88800048828125,415.1000061035156
173.0,87.94400024414062,425.2200012207031
172.6199951171875,87.83699798583984,416.4200134277344
173.72000122070312,88.45500183105469,417.32000732421875
176.0800018310547,89.39800262451172,421.4100036621094
178.6699981689453,90.37200164794922,425.2300109863281
171.3699951171875,91.43499755859375,429.3699951171875
172.27999877929688,94.28900146484375,428.739990234375
170.85000610351562,95.00199890136719,422.8599853515625
169.7100067138672,92.56099700927734,421.6499938964844
173.30999755859375,90.25,421.42999267578125
171.47999572753906,90.35600280761719,420.7200012207031
170.02999877929688,90.36299896240234,424.57000732421875
168.83999633789062,89.4520034790039,421.44000244140625
169.64999389648438,88.96399688720703,420.45001220703125
168.82000732421875,85.90499877929688,417.8800048828125
169.5800018310547,88.00800323486328,425.5199890136719
168.4499969482422,87.13300323486328,424.5899963378906
169.6699981689453,85.35399627685547,426.2799987792969
167.77999877929688,87.03900146484375,423.260009765625
175.0399932861328,90.61599731445312,427.92999267578125
176.5500030517578,88.18599700927734,421.8999938964844
172.69000244140625,86.0009994506836,413.6400146484375
169.3800048828125,87.41500091552734,414.5799865722656
168.0,84.03500366210938,411.8399963378906
167.0399932861328,84.6709976196289,404.2699890136719
165.0,76.19999694824219,399.1199951171875
165.83999633789062,79.51799774169922,400.9599914550781
166.89999389648438,82.4229965209961,407.57000732421875
169.02000427246094,79.677001953125,409.05999755859375
169.88999938964844,82.63200378417969,399.0400085449219
169.3000030517578,87.73500061035156,406.32000732421875
173.5,87.75700378417969,402.25
170.3300018310547,86.4020004272461,389.3299865722656
169.3000030517578,83.04100036621094,394.94000244140625
173.02999877929688,85.81700134277344,397.8399963378906
183.3800048828125,88.78900146484375,406.6600036621094
181.7100067138672,92.13999938964844,413.5400085449219
182.39999389648438,90.55400085449219,409.3399963378906
182.74000549316406,90.41200256347656,410.5400085449219
184.57000732421875,88.74700164794922,412.32000732421875
183.0500030517578,89.87799835205078,414.739990234375
186.27999877929688,90.39900207519531,413.7200012207031
187.42999267578125,91.35600280761719,416.55999755859375
189.72000122070312,94.62999725341797,423.0799865722656
189.83999633789062,94.35900115966797,420.989990234375
189.8699951171875,92.47899627685547,420.2099914550781
191.0399932861328,94.77999877929688,425.3399963378906
192.35000610351562,95.38600158691406,429.0400085449219
190.89999389648438,94.94999694824219,430.5199890136719
186.8800048828125,103.79900360107422,427.0
189.97999572753906,106.46900177001953,430.1600036621094
189.99000549316406,113.9010009765625,430.32000732421875
190.2899932861328,114.82499694824219,429.1700134277344
191.2899932861328,110.5,414.6700134277344
192.25,109.63300323486328,415.1300048828125
194.02999877929688,115.0,413.5199890136719
194.35000610351562,116.43699645996094,416.07000732421875
195.8699951171875,122.44000244140625,424.010009765625
194.47999572753906,120.99800109863281,424.5199890136719
196.88999938964844,120.88800048828125,423.8500061035156
193.1199951171875,121.79000091552734,427.8699951171875
207.14999389648438,120.91000366210938,432.67999267578125
213.07000732421875,125.19999694824219,441.05999755859375
214.24000549316406,129.61000061035156,441.5799865722656
212.49000549316406,131.8800048828125,442.57000732421875
216.6699981689453,130.97999572753906,448.3699951171875
214.2899932861328,135.5800018310547,446.3399963378906
209.67999267578125,130.77999877929688,445.70001220703125
207.49000549316406,126.56999969482422,449.7799987792969
208.13999938964844,118.11000061035156,447.6700134277344
209.07000732421875,126.08999633789062,450.95001220703125
213.25,126.4000015258789,452.1600036621094
214.10000610351562,123.98999786376953,452.8500061035156
210.6199951171875,123.54000091552734,446.95001220703125
216.75,124.30000305175781,456.7300109863281
220.27000427246094,122.66999816894531,459.2799987792969
221.5500030517578,128.27999877929688,460.7699890136719
226.33999633789062,125.83000183105469,467.55999755859375
227.82000732421875,128.1999969482422,466.239990234375
228.67999267578125,131.3800048828125,459.5400085449219
232.97999572753906,134.91000366210938,466.25
227.57000732421875,127.4000015258789,454.70001220703125
230.5399932861328,129.24000549316406,453.54998779296875
234.39999389648438,128.44000244140625,453.9599914550781
234.82000732421875,126.36000061035156,449.5199890136719
228.8800048828125,117.98999786376953,443.5199890136719
224.17999267578125,121.08999633789062,440.3699951171875
224.30999755859375,117.93000030517578,437.1099853515625
223.9600067138672,123.54000091552734,442.94000244140625
225.00999450683594,122.58999633789062,444.8500061035156
218.5399932861328,114.25,428.8999938964844
217.49000549316406,112.27999877929688,418.3999938964844
217.9600067138672,113.05999755859375,425.2699890136719
218.24000549316406,111.58999633789062,426.7300109863281
218.8000030517578,103.7300033569336,422.9200134277344
222.0800018310547,117.0199966430664,418.3500061035156
218.36000061035156,109.20999908447266,417.1099853515625
219.86000061035156,107.2699966430664,408.489990234375
209.27000427246094,100.44999694824219,395.1499938964844
207.22999572753906,104.25,399.6099853515625
209.82000732421875,98.91000366210938,398.42999267578125
213.30999755859375,104.97000122070312,402.69000244140625
216.24000549316406,104.75,406.0199890136719
217.52999877929688,109.0199966430664,406.80999755859375
221.27000427246094,116.13999938964844,414.010009765625
221.72000122070312,118.08000183105469,416.8599853515625
224.72000122070312,122.86000061035156,421.0299987792969
226.0500030517578,124.58000183105469,418.4700012207031
225.88999938964844,130.0,421.5299987792969
226.50999450683594,127.25,424.79998779296875
226.39999389648438,128.5,424.1400146484375
224.52999877929688,123.73999786376953,415.54998779296875
226.83999633789062,129.3699951171875,416.7900085449219
227.17999267578125,126.45999908447266,413.489990234375
228.02999877929688,128.3000030517578,413.8399963378906
226.49000549316406,125.61000061035156,410.6000061035156
229.7899932861328,117.58999633789062,413.1199951171875
229.0,119.37000274658203,417.1400146484375
222.77000427246094,108.0,409.44000244140625
220.85000610351562,106.20999908447266,408.8999938964844
222.3800048828125,107.20999908447266,408.3900146484375
220.82000732421875,102.83000183105469,401.70001220703125
220.91000366210938,106.47000122070312,405.7200012207031
220.11000061035156,108.0999984741211,414.20001220703125
222.66000366210938,116.91000366210938,423.0400085449219
222.77000427246094,119.13999938964844,427.0
222.5,119.0999984741211,430.5899963378906
216.32000732421875,116.77999877929688,431.3399963378906
216.7899932861328,115.58999633789062,435.1499938964844
220.69000244140625,113.37000274658203,430.80999755859375
228.8699951171875,117.87000274658203,438.69000244140625
228.1999969482422,116.0,435.2699890136719
226.47000122070312,116.26000213623047,433.510009765625
227.3699951171875,120.87000274658203,429.1700134277344
226.3699951171875,123.51000213623047,432.1099853515625
227.52000427246094,124.04000091552734,431.30999755859375
227.7899932861328,121.4000015258789,428.0199890136719
233.0,121.44000244140625,430.29998779296875
226.2100067138672,117.0,420.69000244140625
226.77999877929688,118.8499984741211,417.1300048828125
225.6699981689453,122.8499984741211,416.5400085449219
226.8000030517578,124.91999816894531,416.05999755859375
221.69000244140625,127.72000122070312,409.5400085449219
225.77000427246094,132.88999938964844,414.7099914550781
229.5399932861328,132.64999389648438,417.4599914550781
229.0399932861328,134.80999755859375,415.8399963378906
227.5500030517578,134.8000030517578,416.32000732421875
231.3000030517578,138.07000732421875,419.1400146484375
233.85000610351562,131.60000610351562,418.739990234375
231.77999877929688,135.72000122070312,416.1199951171875
232.14999389648438,136.92999267578125,416.7200012207031
235.0,138.0,418.1600036621094
236.47999572753906,143.7100067138672,418.7799987792969
235.86000061035156,143.58999633789062,427.510009765625
230.75999450683594,139.55999755859375,424.6000061035156
230.57000732421875,140.41000366210938,424.7300109863281
231.41000366210938,141.5399932861328,428.1499938964844
233.39999389648438,140.52000427246094,426.5899963378906
